Type,Date,Title,Sub,Writer,Publish,File
친환경,2021-11-10,두산퓨얼셀(336260)수소의 필요성은 누구나 공감,"얼어 붙었던 수주, 이제 풀린다
수소법 개정, 미국 인프라 정책 기대감",문경원,메리츠증권,메리츠20211110에너지.pdf
친환경,2021-10-29,"두산퓨얼셀(336260)상반기 공백이 반영, 단지 속도의 문제","두산퓨얼셀(336260)상반기 공백이 반영, 단지 속도의 문제","이동헌,이태환",대신증권,대신20211029두산퓨얼셀.pdf
친환경,2021-10-29,두산퓨얼셀(336260)성장 가시성 여전히 높아,"3분기 예상 하회했지만, 연간 가이던스 유지
기대감 높아질 수소 충전소 구축 사업",한병화,유진투자증권,유진20211029두산퓨얼셀.pdf
친환경,2021-10-29,두산퓨얼셀(336260)3Q21 Review: 악재들을 압도할 시장 성장,"3Q21: 수주 가뭄 속에 선방한 실적
우려에도 불구하고 수주 가이던스 유지. 12월 수주 집중 기대",문경원,메리츠증권,메리츠20211029두산퓨얼셀.pdf
친환경,2021-10-07,두산퓨얼셀(336260)수출까지 열린다,수출까지 열린다,"이동헌,이태환",대신증권,대신20211007두산퓨얼셀.pdf
친환경,2021-09-08,두산퓨얼셀(336260)연료전지발전부터수소생산까지,연료전지발전부터수소생산까지,나승두,SK증권,SK20210908두산퓨얼셀.pdf
친환경,2021-11-01,한화솔루션(009830)케미칼에 기대보는 남은 하반기,"3 분기 케미칼 쉬고, 4 분기 재 시작",박한샘,SK증권,SK20211101한화솔루션.pdf
친환경,2021-10-29,한화솔루션(009830)결국은 태양광으로 승리할 것,한화솔루션(009830)결국은 태양광으로 승리할 것,전우제,한화투자증권,한화202111029한화솔루션.pdf
친환경,2021-10-29,한화솔루션(009830)PVC/가성소다/EVA의 콜라보,PVC/가성소다/EVA의 콜라보,"이동욱,권준수",키움증권,키움20211029한화솔루션.pdf
친환경,2021-10-29,한화솔루션(009830)2021 년 태양광부문 Bottom,"3Q21 Review: 케미칼 호조, 반면 큐셀 적자폭 확대
4Q21 Preview: PVC/가성소다 힘입어 영업이익 +34.1% QoQ 증가 전망",노우호,메리츠증권,메리츠20211029한화솔루션.pdf
친환경,2021-10-19,한화솔루션(009830)변화하고 있는 첨단소재부문,변화하고 있는 첨단소재부문,"이동욱,권준수",키움증권,키움20211019한화솔루션.pdf
친환경,2021-10-07,한화솔루션(009830)글로벌 태양광 수요 증가의 계기가 될 ‘그린플레이션’,"3Q21 영업이익 1,852억원: 컨센서스(1,803억원) 부합 전망
석탄가격 상승의 수혜 + 느리지만 점차 축소되는 태양광 적자",전유진,하이투자증권,하이20211007한화솔루션.pdf
친환경,2021-10-07,한화솔루션(009830)단기 실적 부진에도 매력적인 이유,"단기 실적 부진에도
매력적인 이유",한상원,대신증권,대신20211007한화솔루션.pdf
친환경,2021-10-05,"한화솔루션(009830)가성소다 가격, 연초 대비 95% 상승","한화솔루션(009830)가성소다 가격, 연초 대비 95% 상승","이동욱,권준수",키움증권,키움20211005한화솔루션.pdf
친환경,2021-09-15,한화솔루션(009830)수익성과 주가 모두 바닥을 통과,한화솔루션(009830)수익성과 주가 모두 바닥을 통과,한상원,대신증권,대신20210915한화솔루션.pdf
친환경,2021-09-10,한화솔루션(009830)중국(화학)-미국(태양광)의 긍정적 나비효과,"빛나는 화학 포트폴리오 - 석탄가격 강세의 직접 수혜
태양광 - 미국에서 불어오는 훈풍",노우호,메리츠증권,메리츠20210910한화솔루션.pdf
친환경,2021-09-10,한화솔루션(009830)다시금 관심이 필요한 시점,한화솔루션(009830)다시금 관심이 필요한 시점,전유진,하이투자증권,하이20210910한화솔루션.pdf
친환경,2021-09-01,한화솔루션(009830)RES프랑스 인수로 경쟁력 강화,RES프랑스 인수로 경쟁력 강화,"이동욱,권준수",키움증권,키움20210901화학.pdf
친환경,2021-09-01,한화솔루션(009830)인내의 구간,"요약
21.8월 한화솔루션 3Q21 중간 점검",노우호,메리츠증권,메리츠20210901한화솔루션.pdf
친환경,2021-10-08,에코프로(086520)양극재의 탄생에서부터 재활용까지 올라운드 플레이어,"하이니켈 양극재에 특화된 에코프로 그룹의 지주사
에코프로 GEM 의 성장스토리는 에코프로비엠과 유사","윤혁진,김도현",SK증권,SK20211008에코프로.pdf
서비스업,2021-11-08,카카오(035720)규제 영향 Peak Out. 3Q21 실적 실직적 대호조,"3Q21영업실적은 매 출 QoQ 대호조 , OP QoQ도 실질적으론 대호조",성종화,이베스트증권,이베스트20211108카카오.pdf
서비스업,2021-11-05,카카오(035720)콘텐츠 사업 성장 포텐셜 확인,콘텐츠 사업 성장 포텐셜 확인,허제나,카카오페이증권,카카오페이20211105카카오.pdf
서비스업,2021-11-05,카카오(035720)콘텐츠 사업의 글로벌 진출 시동,콘텐츠 사업의 글로벌 진출 시동,김소혜,한화투자증권,한화20211105카카오.pdf
서비스업,2021-11-05,카카오(035720)쉬어가도 괜찮아,"3Q21 실적, 예상치 하회",김동희,메리츠증권,메리츠20211105카카오.pdf
서비스업,2021-11-05,카카오(035720)규제에도 성장은 만발,"규제에도
성장은 만발",이창영,유안타증권,유안타20211105카카오.pdf
서비스업,2021-11-05,카카오(035720)더 높아진 성장성,카카오(035720)더 높아진 성장성,최관순,SK증권,SK20211105카카오.pdf
서비스업,2021-11-05,카카오(035720)콘텐츠 중심으로 글로벌 공략 본격화,콘텐츠 중심으로 글로벌 공략 본격화,이승훈,IBK투자증권,IBK20211105카카오.pdf
서비스업,2021-10-20,카카오(035720)태풍은 지나가고,"태풍은
지나가고",이창영,유안타증권,유안타20211020카카오.pdf
서비스업,2021-10-08,카카오(035720)규제리스크에 대처하는 자세,"3Q21 실적, 예상치 하회 전망",김동희,메리츠증권,메리츠20211008인터넷.pdf
서비스업,2021-10-07,"카카오(035720)많은 우려가 반영된 주가, 반전 요인은 아직","많은 우려가 반영된 주가, 반전 요인은 아직",김소혜,한화투자증권,한화20211007인터넷.pdf
서비스업,2021-10-06,"카카오(035720)방향성, 잠재력 유효. 규제 이슈 안정화까지 시간만 다소 필요","카카오(035720)방향성, 잠재력 유효. 규제 이슈 안정화까지 시간만 다소 필요",성종화,이베스트증권,이베스트20211006카카오.pdf
서비스업,2021-09-24,"카카오(035720)플랫폼 사업 규제 영향 감안, 목표주가 조정","카카오(035720)플랫폼 사업 규제 영향 감안, 목표주가 조정",성종화,이베스트증권,이베스트20210924카카오.pdf
서비스업,2021-09-16,카카오(035720)라이언 일병 구하기,"규제 압력에 대한 페이, 모빌리티 사업 대책 발표
3분기 광고와 신사업 매출 고성장, 이익은 기대치 소폭 하회","김소혜, 박수영",한화투자증권,한화20210916카카오.pdf
서비스업,2021-09-02,카카오(035720)카카오톡 중심의 구독서비스 확장전략,카카오톡 중심의 구독서비스 확장전략,최관순,SK증권,SK20210902카카오.pdf
서비스업,2021-10-22,"NAVER(035420)흐릿했던 신규사업 성과, 뚜렷해지기 시작","20%에 다다른 영업이익 증가세, 시장 기대치 부합
안정된 광고매출 성장과, 글로벌 콘텐츠 사업 확장 효과 고무적",허제나,카카오페이증권,카카오페이20211022NAVER.pdf
서비스업,2021-10-22,NAVER(035420)알았던 우려 몰랐던 기대,"3분기 매출액과 영업이익 각각 26.9%, 19.9% 증가
향후 체크 요인 하나와 기대감 높일 요인 하나",김소혜,한화투자증권,한화20211022NAVER.pdf
서비스업,2021-10-22,NAVER(035420)규제 영향 Peak Out. 다시 사업호조와 잠재력 주목,"3Q2 1 R eview: YoY , QoQ 모두 호조 & 시장 컨센서스 전망치 부합
동사 실적의 경우 매출 성장성이 가장 중요 . 모든 사업부문 성장성 호조",성종화,이베스트증권,이베스트20211022NAVER.pdf
서비스업,2021-10-22,NAVER(035420)국내는 좁다 해외로 간다,"3Q21 Review
해외 성장 및 성장가능성에 배팅하자",이창영,유안타증권,유안타20211022NAVER.pdf
서비스업,2021-10-22,NAVER(035420)나무랄 데 없는 ‘성장’,"3Q21 실적, 기대치 부합
쇼핑, 페이에 이어 이제는 ‘컨텐츠’",김동희,메리츠증권,메리츠20211022NAVER.pdf
서비스업,2021-10-22,NAVER(035420)글로벌 시장에서 커머스와 콘텐츠 확장,"3분기 실적 컨센서스 부합
커머스와 글로벌 콘텐츠 서비스의 강한 성장 기대",이승훈,IBK투자증권,IBK20211022NAVER.pdf
서비스업,2021-10-08,NAVER(035420)쇼핑 포트폴리오 완성을 위해,"3Q21 실적, 예상치 부합 전망",김동희,메리츠증권,메리츠20211008인터넷.pdf
서비스업,2021-10-07,NAVER(035420)이슈가 지나가면 더욱 부각될 펀더멘털,이슈가 지나가면 더욱 부각될 펀더멘털,김소혜,한화투자증권,한화20211007인터넷.pdf
서비스업,2021-10-05,NAVER(035420)본격적으로 나타날 성과,"투자의견 BUY, 목표주가 530,000 원으로 커버리지 개시
2021 년 실적전망: 영업이익 1 조 3,644 억원(+12.3%yoy)",노경탁,유진투자증권,유진20211005인터넷.pdf
서비스업,2021-09-30,"NAVER(035420)조정폭은 과도, 규제 이슈 안정화까지 다소의 시간은 필요","3Q21 Preview: YoY 호조 , QoQ 숨고르기 & 당사 전망치 부합 전망",성종화,이베스트증권,이베스트20210930NAVER.pdf
서비스업,2021-09-07,NAVER(035420)NARRATIVE NAVER,히든 밸류가 너무 많은 글로벌 빅테크 기업 ,이승훈,IBK투자증권,IBK20210907NAVER.pdf
서비스업,2021-09-02,NAVER(035420)자사 서비스 선순환 강화를 위한 구독서비스,자사 서비스 선순환 강화를 위한 구독서비스,최관순,SK증권,SK20210902NAVER.pdf
서비스업,2021-11-12,엔씨소프트(036570)집행검에 NFT 가 붙으면,"집행검에
NFT 가 붙으면",김소혜,한화투자증권,한화20211112엔씨소프트.pdf
서비스업,2021-11-12,"엔씨소프트(036570)나도 할 수 있다, ‘NFT’","나도 할 수 있다, ‘NFT’",김동희,메리츠증권,메리츠20211112엔씨소프트.pdf
서비스업,2021-11-12,"엔씨소프트(036570)메타버스, 끝판왕의 등장","메타버스, 끝판왕의 등장",이승훈,IBK투자증권,IBK20211112엔씨소프트.pdf
서비스업,2021-11-12,"엔씨소프트(036570)리니지 W 대폭발 + NFT, 메타버스까지 청사진 제시","엔씨소프트(036570)리니지 W 대폭발 + NFT, 메타버스까지 청사진 제시",성종화,이베스트증권,이베스트20211112엔씨소프트.pdf
서비스업,2021-11-12,엔씨소프트(036570)반전없는 미국 지표의 흐름,엔씨소프트(036570)반전없는 미국 지표의 흐름,이창영,유안타증권,유안타20211112엔씨소프트.pdf
서비스업,2021-11-08,"엔씨소프트(036570)리니지 W 초반 ""대호조"". 의견 Buy로 상향","11/4 리니지 W 12개국 글로벌 론칭. 주가는 론칭 당일 9.4% 급락
리니지 W 론칭 초반 흥행수준 ""대호조"". 오히려 전망치 상향 필요",성종화,이베스트증권,이베스트20211108엔씨소프트.pdf
서비스업,2021-10-08,엔씨소프트(036570)트래픽 >>> 과금,과금 보다는 트래픽을 잡는 전략,김동희,메리츠증권,메리츠20211008인터넷.pdf
서비스업,2021-10-07,엔씨소프트(036570)단기적으론 11/4 론칭 예정 리니지 W 13개국 히트수준 중요,"3Q21 Preview: 당사 및 컨센서스 전망치 미달 전망
단기적으론 11/4 론칭 예정인 리니지 W 13개국의 히트수준이 중요",성종화,이베스트증권,이베스트20211007엔씨소프트.pdf
서비스업,2021-09-30,엔씨소프트(036570)‘리니지W’ 2nd쇼케이스 ANSWER, 2021.11.04. 00시(UTC/GMT+9) 출시 예정,김동희,메리츠증권,메리츠20210930엔씨소프트.pdf
서비스업,2021-09-09,엔씨소프트(036570)리니지W의 성패가 방향성을 설정,블소2의 부진을 크게 인식,김학준,키움증권,키움20210909게임.pdf
서비스업,2021-09-06,엔씨소프트(036570)끝날 때까지 끝난게 아니다,끝날 때까지 끝난게 아니다,김동희,메리츠증권,메리츠20210906엔씨소프트.pdf
서비스업,2021-09-02,엔씨소프트(036570)멀티플 하향도 불가피,기대치 를 크게 하회한 블레이드 소울 2,김소혜,한화투자증권,한화20210902엔씨소프트.pdf
서비스업,2021-08-27,엔씨소프트(036570)블소2. 기대치 미달. 읍참마속,엔씨소프트(036570)블소. 기대치 미달. 읍참마속,성종화,이베스트증권,이베스트20210827엔씨소프트.pdf
서비스업,2021-10-28,삼성에스디에스(018260)클라우드와 대외사업 확대로 성장 전략 집중,"3분기 실적은 시장 기대치 부합
대외 고객 확보로 클라우드 실적 성장 가능성 높아",김소혜,한화투자증권,한화20211028삼성에스디에스.pdf
서비스업,2021-10-28,삼성에스디에스(018260)대외사업 확대로 실적개선세 지속전망,"3Q21: 물류부문, 분기사상 최대 매출 달성
대외사업 확대로 증명되고 있는 경쟁력",최관순,SK증권,SK20211028삼성에스디에스.pdf
서비스업,2021-10-13,삼성에스디에스(018260)양호한 실적 예상되나 오버행은 단기 부담요인,양호한 실적 예상되나 오버행은 단기 부담요인,최관순,SK증권,SK20211013삼성에스디에스.pdf
서비스업,2021-09-28,삼성에스디에스(018260)3 분기 실적 안정적 박스권 점차 벗어날 전망,"3분기 실적은 시장 기대치에 부합할 것으로 전망
4대 전략사업은 클라우드와 스마트팩토리로 성장 전략 집중",김소혜,한화투자증권,한화20210928삼성에스디에스.pdf
반도체,2021-11-11,삼성전자(005930)연말 투자 선집행 이후 코멘트가 중요,공급 경쟁으로 읽힐 수 있는 4Q21 투자 확대. 선두업체로서 수익성 위주 경영 방침의 메시지 전달이 중요,김선우,메리츠증권,메리츠20211111반도체.pdf
반도체,2021-11-11,삼성전자(005930)실적너머(Beyond Earnings),실적너머(Beyond Earnings),이승우,유진투자증권,유진20211111반도체.pdf
반도체,2021-11-01,"삼성전자(005930)뚜렷한 파운드리, M&A 관련 성과가 중요","삼성전자(005930)뚜렷한 파운드리, M&A 관련 성과가 중요",송명섭,하이투자증권,하이20211101삼성전자.pdf
반도체,2021-10-29,삼성전자(005930)짧아진 사이클,삼성전자(005930)짧아진 사이클,이순학,한화투자증권,한화202111029삼성전자.pdf
반도체,2021-10-29,삼성전자(005930)부품 공급 부족에 따른 수요 둔화 우려 부각,삼성전자(005930)부품 공급 부족에 따른 수요 둔화 우려 부각,박유악,키움증권,키움20211029삼성전자.pdf
반도체,2021-10-29,삼성전자(005930)4Q21 메모리 반도체 가격 하락 시작,"3Q21 실적 반도체가 견인
반도체에 대한 기대감?","남대종, 장우람",이베스트증권,이베스트20211029삼성전자.pdf
반도체,2021-10-29,"삼성전자(005930)메모리 Cycle 축소 , 23 년 매출액 300 조원","메모리
Cycle 축소 , 23 년 매출액 300 조원",이재윤,유안타증권,유안타20211029삼성전자.pdf
반도체,2021-10-29,삼성전자(005930)수요 불확실성은 충분히 반영된 주가,"수요 불확실성은 충분히
반영된 주가","이수빈, 박강호",대신증권,대신20211029삼성전자.pdf
반도체,2021-10-29,삼성전자(005930)진정으로 필요한 것은 밸류에이션 모멘트,"환율 상승으로 3 분기 손익 8,000 억원 개선 효과
내년 상반기까지는 이익 감소세 예상",이승우,유진투자증권,유진20211029삼성전자.pdf
반도체,2021-10-29,삼성전자(005930)업황을 좌우할 Capex 퍼즐,3Q21 영업이익 15.8조원. 분기 영업이익은 1Q22까지 소폭 조정 이후 회복,"김선우, 홍석현",메리츠증권,메리츠20211029삼성전자.pdf
반도체,2021-10-29,삼성전자(005930)4분기 감익은 감내할 수준,4분기 감익은 감내할 수준,김운호,IBK투자증권,IBK20211029삼성전자.pdf
반도체,2021-10-25,삼성전자(005930)파운드리 사업부 가치 반영,삼성전자(005930)파운드리 사업부 가치 반영,"이수빈, 박강호",대신증권,대신20211025삼성전자.pdf
반도체,2021-10-20,"삼성전자(005930)우려가 반영된 현재 주가, 장기 투자자에 기회","투자포인트
부문별 전망 및 투자의견",김영우,SK증권,SK20211020삼성전자.pdf
반도체,2021-10-20,삼성전자(005930)겨울이 오면 봄도 온다,"겨울이
오면 봄도 온다",이재윤,유안타증권,유안타20211020삼성전자.pdf
반도체,2021-10-15,삼성전자(005930)3분기 영업이익은 연중 최대 규모,3분기 영업이익은 연중 최대 규모,김운호,IBK투자증권,IBK20211015IT.pdf
반도체,2021-10-12,삼성전자(005930)3Q21 잠정실적 코멘트 기대치가 너무 높았을 뿐,"3Q21
잠정실적 코멘트 기대치가 너무 높았을 뿐",이순학,한화투자증권,한화20211012삼성전자.pdf
반도체,2021-10-12,삼성전자(005930)4Q21 영업이익 16.0조원 전망,4Q21 영업이익 16.0조원 전망,송영섭,하이투자증권,하이20211012삼성전자.pdf
반도체,2021-10-12,삼성전자(005930)4Q21 이후 Cost 부담 증가,"3Q21 잠정실적 시장 기대치 부합
4Q21 이후 Cost에 대한 부담 증가","남대종, 장우람",이베스트증권,이베스트20211012삼성전자.pdf
반도체,2021-10-12,삼성전자(005930)매크로 우려로 실적 전망 및 목표가 하향,What’s New: 3 분기 실적은 예상 수준이나 매크로 우려가 높아짐,이승우,유진투자증권,유진20211012삼성전자.pdf
반도체,2021-10-12,삼성전자(005930)3분기 15.8조원 컨센서스 부합,삼성전자(005930)3분기 15.8조원 컨센서스 부합,이수빈,대신증권,대신20211012삼성전자.pdf
반도체,2021-10-12,삼성전자(005930)우려했던 NAND의 업황 둔화 가시화,우려했던 NAND의 업황 둔화 가시화,박유악,키움증권,키움20211012삼성전자.pdf
반도체,2021-10-12,삼성전자(005930)3 Q21P 실적보다 중요한 메모리 출하량,다소 아쉬운 3Q21 실적 – 반도체와 DP 사업부 QoQ 실적 개선 견인,"김선우, 홍석현",메리츠증권,메리츠20211012삼성전자.pdf
반도체,2021-10-06,삼성전자(005930)4Q21 분기 실적 감소 예상,4Q21 분기 실적 감소 예상,박유악,키움증권,키움20211006삼성전자.pdf
반도체,2021-10-01,삼성전자(005930)삼총사 우리가 항상 기대했던 그림,"삼총사
우리가 항상 기대했던 그림","김동하,이용욱",한화투자증권,한화20211001반도체.pdf
반도체,2021-09-27,삼성전자(005930)3Q21 영업이익 17.0조원 전망,3Q21 영업이익 17.0조원 전망,송명섭,하이투자증권,하이20210927삼성전자.pdf
반도체,2021-09-15,삼성전자(005930)반도체 부문에 대한 대규모 투자,반도체 부문에 대한 대규모 투자,박유악,키움증권,키움20210915반도체.pdf
반도체,2021-11-11,SK하이닉스(000660)태도 변화와 전략적 경영 정책,실적보다 중요한 투자 메시지 · 수요는 공급의 함수,김선우,메리츠증권,메리츠20211111반도체.pdf
반도체,2021-11-11,SK하이닉스(000660)하반기회복가능성이주가를좌우,SK하이닉스(000660)하반기회복가능성이주가를좌우,이승우,SK증권,유진20211111반도체.pdf
반도체,2021-10-28,SK하이닉스(000660)4Q21 이후 DRAM은 수익성이 중요?,SK하이닉스(000660)4Q21 이후 DRAM은 수익성이 중요?,남대종,이베스트증권,이베스트20211028SK하이닉스.pdf
반도체,2021-10-27,SK하이닉스(000660)시장의 우려를 잠재우다,"3분기 실적은 기대치 부합
생각보다 좋은 4 분기 실적","이순학, 이용욱",한화투자증권,한화20211027SK하이닉스.pdf
반도체,2021-10-27,SK하이닉스(000660)이제는 주가 반락 시 매수 관점,주가 가격 조정은 완료된 듯,송명섭,하이투자증권,하이20211027SK하이닉스.pdf
반도체,2021-10-27,SK하이닉스(000660)미약하게 발견된 긍정적 변화,"예상 수준의 3Q21 실적. 상반기와 대조적인 긍정적 실적설명회 내용
주가는 밸류에이션 지지레벨에 위치. 4Q21 DRAM 출하량만 지켜보자","김선우, 홍석현",메리츠증권,메리츠20211027SK하이닉스.pdf
반도체,2021-10-27,SK하이닉스(000660)생각보다 더 강해진 NAND,SK하이닉스(000660)생각보다 더 강해진 NAND,이승우,유진투자증권,유진20211027SK하이닉스.pdf
반도체,2021-10-27,SK하이닉스(000660)NAND 사업부가 돋보인다,"투자의견 매수(Buy) 유지, 목표주가 135,000원으로 13% 상향 조정
NAND 사업부가 돋보인다",이수빈,대신증권,대신20211027SK하이닉스.pdf
반도체,2021-10-27,"SK하이닉스(000660)3Q21 Review, 비중 확대 전략 유효","3Q21 Review,
비중 확대 전략 유효",이재윤,유안타증권,유안타20211027SK하이닉스.pdf
반도체,2021-10-27,SK하이닉스(000660)3분기 예상 수준,3분기 예상 수준,김운호,IBK투자증권,IBK20211027SK하이닉스.pdf
반도체,2021-10-25,SK하이닉스(000660)8 인치 파운드리 확대 중,SK하이닉스(000660)8 인치 파운드리 확대 중,이수빈,대신증권,대신20211025SK하이닉스.pdf
반도체,2021-10-20,"SK하이닉스(000660)단기 모멘텀 부재하나 , 중장기 매력은 상승중","투자포인트
부문별 전망 및 투자의견",김영우,SK증권,SK20211020SK하이닉스.pdf
반도체,2021-10-20,SK하이닉스(000660)반도체 업종 주가 반등에 대비할 시점,3Q21영 업이익 4.3 조원 으 로 컨 센서스 상 회할 전 망,이재윤,유안타증권,유안타20211020SK하이닉스.pdf
반도체,2021-10-15,SK하이닉스(000660)리스크 관리가 좀더 필요한 시점,"목표주가를 12 만원으로 하향
3Q21 영업이익 전망치를 4.2 조원으로 소폭 하향",송명섭,하이투자증권,하이20211015SK하이닉스.pdf
반도체,2021-10-15,"SK하이닉스(000660)이익둔화 예상되나, 주가는 바닥권 근접","3 분기 영업이익 4.0 조원 예상
세계 경제 성장 둔화와 코스트 푸시 인플레이션으로 기업 실적 부담",이승우,유진투자증권,유진20211015SK하이닉스.pdf
반도체,2021-10-15,SK하이닉스(000660)3 분기까지는 가격 상승 구간,3분기까지는 가격 상승 구간,김운호,IBK투자증권,IBK20211015IT.pdf
반도체,2021-10-14,"SK하이닉스(000660)4Q21 실적, 시장 기대치 하회 전망","SK하이닉스(000660)4Q21 실적, 시장 기대치 하회 전망",박유악,키움증권,키움20211014SK하이닉스.pdf
반도체,2021-10-07,SK하이닉스(000660)3Q21보다는 4Q21 이후가 중요,"3Q21 실적 기대치 소폭 상회 예상
4Q21 출하 증가하나 가격은 하락 시작","남대종, 장우람",이베스트증권,이베스트20211007SK하이닉스.pdf
반도체,2021-10-01,SK하이닉스(000660)부정적인 이슈의 8 할 이상이 주가에 반영,부정적인 이슈의 8 할 이상이 주가에 반영,이순학,한화투자증권,한화20211001반도체.pdf
반도체,2021-09-15,SK하이닉스(000660)NAND 업황 변동성 확대 예상,SK하이닉스(000660)NAND 업황 변동성 확대 예상,박유악,키움증권,키움20210915반도체.pdf
반도체,2021-11-15,"SKC(011790)약 1년 후, 말레이시아 플랜트가 완공된다","약 1년 후, 말레이시아 플랜트가 완공된다",이동욱,키움증권,키움20211115SKC.pdf
반도체,2021-11-12,SKC(011790)사업포트폴리오다변화의진수,사업포트폴리오다변화의진수,노우호,메리츠증권,메리츠20211112화학.pdf
반도체,2021-11-02,SKC(011790)2nd Deep Change 공식화,"3Q21 Review: 전 사업부문의 고른 성장으로 분기 최대 영업이익 달성
SK Nex Investment(가칭)으로 실리콘 음극재 사업 진출 확정",노우호,메리츠증권,메리츠20211102SKC.pdf
반도체,2021-11-02,"SKC(011790)기술 세미나 후기 (반도체, 동박)","[요약]
A. 반도체 소재: SKC 글라스 기판 신기술 – 기회의 열쇠는 수율","노우호, 김선우",메리츠증권,메리츠20211102SKC2.pdf
반도체,2021-11-02,SKC(011790)실리콘 음극재 사업 진출,실리콘 음극재 사업 진출,"이동욱,권준수",키움증권,키움20211102SKC.pdf
반도체,2021-11-02,"SKC(011790)화학의 도움닫기, 동박의 점프","역할에 충실한 화학과 성장의 동박
체질 개선의 다음 스텝",박한샘,SK증권,SK20211102SKC.pdf
반도체,2021-10-21,SKC(011790)Big Chance,Big Chance,"이동욱,권준수",키움증권,키움20211021SKC.pdf
반도체,2021-10-18,SKC(011790)동박 중심 외형성장은 계속된다,"3Q21 Preview: 영업이익 기준 컨센서스 부합 예상
동박 중심 외형성장은 계속된다",이안나,이베스트증권,이베스트20211018화학.pdf
반도체,2021-10-06,SKC(011790)2차 비상을 준비 중,2차 비상을 준비 중,이동욱,키움증권,키움20211006전기전자.pdf
반도체,2021-09-27,SKC(011790)비상(飛上)의 Appetizer,SKC(011790)비상(飛上)의 Appetizer,노우호,메리츠증권,메리츠20210927SKC.pdf
반도체,2021-09-09,SKC(011790)오히려 보수적인 증설 계획,오히려 보수적인 증설 계획,"이동욱,권준수",키움증권,키움20210909SKC.pdf
반도체,2021-09-03,"SKC(011790)올해 3분기, 동박 생산량 1만톤 상회 전망","올해 3분기, 동박 생산량 1만톤 상회 전망","이동욱,권준수",키움증권,키움20210903SKC.pdf
반도체,2021-09-02,SKC(011790)동박 PBR 주가 순자산 ) 25 배 도달,PG부문 2021 년 6 ~ 7 월부터 시황 하락 전환,황규원,유안타증권,유안타20210902SKC.pdf
반도체,2021-09-01,SKC(011790)증설의 귀재,증설의 귀재,"이동욱,권준수",키움증권,키움20210901화학.pdf
반도체,2021-08-31,SKC(011790)시장 루머에 강경 대응,시장 루머에 강경 대응,노우호,메리츠증권,메리츠20210831SKC.pdf
반도체,2021-11-15,한솔케미칼(014680)팔방미인,팔방미인,이순학,한화투자증권,한화20211115한솔케미칼.pdf
반도체,2021-11-15,한솔케미칼(014680)2022년은 반도체 소재의 성장 기대,"2022년은 반도체 소재의
성장 기대",이수빈,대신증권,대신20211115한솔케미칼.pdf
반도체,2021-11-08,한솔케미칼(014680)이차전지 소재 업체로서도 충분히 매력적,한솔케미칼(014680)이차전지 소재 업체로서도 충분히 매력적,정원석,하이투자증권,하이20211108한솔케미칼.pdf
반도체,2021-10-25,한솔케미칼(014680)전 사업부문이 좋다,전 사업부문이 좋다,이수빈,대신증권,대신20211025한솔케미칼.pdf
반도체,2021-09-15,한솔케미칼(014680)하반기 실적 성장세 지속 전망,하반기 실적 성장세 지속 전망,박유악,키움증권,키움20210915반도체.pdf
반도체,2021-11-15,DB하이텍(000990)이례 적인 Capa 증가와 역대급 실적,"이례
적인 Capa 증가와 역대급 실적",이재윤,유안타증권,유안타20211115DB하이텍.pdf
반도체,2021-11-15,DB하이텍(000990)2022년 연간 수주 확보,2022년 연간 수주 확보,이수빈,대신증권,대신20211115DB하이텍.pdf
반도체,2021-11-11,DB하이텍(000990)여전히귀한레거시파운드리,여전히귀한레거시파운드리,이승우,유진투자증권,유진20211111반도체.pdf
반도체,2021-10-25,DB하이텍(000990)여전히 저평가,DB하이텍(000990)여전히 저평가,이수민,대신증권,대신20211025DB하이텍.pdf
반도체,2021-10-20,DB하이텍(000990)8 인치 파운드리의 위엄,"3Q21 영 업이익 1,014 억 원 으 로 기 존 추 정 치 유 지",이재윤,유안타증권,유안타20211020DB하이텍.pdf
유통업,2021-11-12,롯데쇼핑(023530)구조조정 마무리 단계,구조조정 마무리 단계,최윤희,메리츠증권,메리츠20211112유통.pdf
유통업,2021-11-05,롯데쇼핑(023530)3Q21 Review: 구조조정 마무리 단계,"3Q21: 구조조정 마무리 단계
거듭되는 일회성 이슈, 높은 실적 변동성",최윤희,메리츠증권,메리츠20211105롯데쇼핑.pdf
유통업,2021-11-05,롯데쇼핑(023530)3Q21 리뷰 : 롯데쇼핑이 변하는 것을 저만 느끼나요 ?,"3Q 21 Review : 희 망퇴직 , 신 규 점 포 관 련 일 회성 비 용으로 부 진한 실 적",이진협,유안타증권,유안타20211105롯데쇼핑.pdf
유통업,2021-10-29,롯데쇼핑(023530)한샘 인수로 버티컬 셀렉션 확장,한샘 인수로 버티컬 셀렉션 확장,유승우,SK증권,SK20211029롯데쇼핑.pdf
유통업,2021-10-13,롯데쇼핑(023530),롯데쇼핑(023530),"박은정,이진협",유안타증권,유안타20211013유통.pdf
유통업,2021-09-29,롯데쇼핑(023530)3Q21 Preview,3Q21 Preview,박상준,키움증권,키움20210929유통.pdf
유통업,2021-09-27,롯데쇼핑(023530)턴어라운드에도 불구하고...,턴어라운드에도 불구하고...,최윤희,메리츠증권,메리츠20210927유통.pdf
유통업,2021-09-13,롯데쇼핑(023530)한 샘 인 수 완 료할 경 우 롯 데 유 통 BU 에 시 너지 전 망,롯데그룹 6 년 만 의 M&A 추 진,안지영,IBK투자증권,IBK20210913롯데쇼핑.pdf
유통업,2021-11-12,"신세계(004170)강자지만, 기저는 부담","강자지만, 기저는 부담",최윤희,메리츠증권,메리츠20211112유통.pdf
유통업,2021-11-10,신세계(004170)위드 코로나 환경에 대응 완료,신세계(004170)위드 코로나 환경에 대응 완료,"안지영,황병준",IBK투자증권,IBK20211110신세계.pdf
유통업,2021-11-10,"신세계(004170)호실적, 매수하기 좋은 가격","신세계(004170)호실적, 매수하기 좋은 가격",허제나,카카오페이증권,카카오페이20211110신세계.pdf
유통업,2021-11-10,신세계(004170)[3Q21 Review] 면세점 선전,3Q21 Review: 기대치 충족,남성현,한화투자증권,한화20211110신세계.pdf
유통업,2021-11-10,신세계(004170)3Q21 Review: 4 분기를 보자,3Q21 Review: 4 분기를 보자,최윤희,메리츠증권,메리츠20211110신세계.pdf
유통업,2021-11-10,신세계(004170)4분기에도 역대 최대 실적 기대,"3분기 영업이익 1,024억원으로 시장 컨센서스 부합",박상준,키움증권,키움20211110신세계.pdf
유통업,2021-11-10,신세계(004170)내년 상반기까지 국내 및 해외 소비 모두 양호한 과도기적 소비 패턴 예상,"투자의견 BUY, 목표주가 400,000원 유지
3Q21 Review: 패션 소비 주도로 마진 개선 돋보인 3분기",유정현,대신증권,대신20211110신세계.pdf
유통업,2021-11-10,신세계(004170)3Q21 Preview 추정치 부합,신세계(004170)3Q21 Preview 추정치 부합,오린아,이베스트증권,이베스트20211110신세계.pdf
유통업,2021-11-10,신세계(004170)3Q21 리뷰 : 굳건한 신세계,신세계(004170)3Q21 리뷰 : 굳건한 신세계,이진협,유안타증권,유안타20211110신세계.pdf
유통업,2021-10-29,신세계(004170)3Q21 Preview: 기대가 된다,"투자의견 Buy 유지 , 목표주가 35 0,000 원 으로 조정",오린아,이베스트증권,이베스트20211029신세계.pdf
유통업,2021-10-29,신세계(004170)크로스보더이커머스 대응이 필요하다,크로스보더이커머스 대응이 필요하다,유승우,SK증권,SK20211029신세계.pdf
유통업,2021-10-18,신세계(004170)지배력 확대 진행 중,"3분기 긍정적 실적 예상
광주신세계 연결 편입 효과 기대",남성현,한화투자증권,한화20211018신세계.pdf
유통업,2021-10-13,신세계(004170),신세계(004170),"박은정,이진협",유안타증권,유안타20211013유통.pdf
유통업,2021-10-06,"신세계(004170)양호한 실적, 그리고 저평가","양호한 실적, 그리고 저평가",유정현,대신증권,대신20211006신세계.pdf
유통업,2021-09-29,신세계(004170)3Q21 Preview,3Q21 Preview,박사아준,키움증권,키움20210929유통.pdf
유통업,2021-09-09,신세계(004170)코로나 4차 대유행 영향은 제한적,코로나 4차 대유행 영향은 제한적,박상준,키움증권,키움20210909신세계.pdf
유통업,2021-09-08,신세계(004170)코로나 4차 대유행 영향은 제한적,코로나 4차 대유행 영향은 제한적,박상준,키움증권,키움20210908신세계.pdf
유통업,2021-09-01,"신세계(004170)백화점과 신세계인터내셔날 약진 , 면세 효율화","기존 사업 안정화 시점 , 5 년 만에 대전백화점 출점으로 중부권 공략 , 백화점 핵심점 경쟁력 강화 전망","안지영,황병준",IBK투자증권,IBK20210901유통.pdf
유통업,2021-11-12,호텔신라(008770)글로벌 여행 재개 수혜주,글로벌 여행 재개 수혜주,최윤희,메리츠증권,메리츠20211112유통.pdf
유통업,2021-11-02,호텔신라(008770)3Q21 리뷰 : 경쟁 심화에 따른 실적 부진,호텔신라(008770)3Q21 리뷰 : 경쟁 심화에 따른 실적 부진,이진협,유안타증권,유안타20211102호텔신라.pdf
유통업,2021-11-01,호텔신라(008770)점유율 방어 위한 고군분투…,"3Q 영업이익 209억원으로 기대치 큰 폭 하회
시장 성장 정체 속 신규 플레이어까지…",허제나,카카오페이증권,카카오페이20211101호텔신라.pdf
유통업,2021-11-01,호텔신라(008770)3Q21 Review: 녹록지 않다,3Q21 어려운 시기,최윤희,메리츠증권,메리츠20211101호텔신라.pdf
유통업,2021-11-01,호텔신라(008770)[ 3 Q2 1 Review] 과열된 시장,[3 Q2 1 Review] 과열된 시장,남성현,한화투자증권,한화20211101호텔신라.pdf
유통업,2021-11-01,호텔신라(008770)단기 수익성 보다 매출 회복이 중요,단기 수익성 보다 매출 회복이 중요,박상준,키움증권,키움20211101호텔신라.pdf
유통업,2021-11-01,호텔신라(008770)3Q21 리뷰 : 경쟁 심화에 따른 실적 부진,호텔신라(008770)3Q21 리뷰 : 경쟁 심화에 따른 실적 부진,이진협,유안타증권,유안타20211101호텔신라.pdf
유통업,2021-11-01,호텔신라(008770)알선수수료 경쟁으로 기대치 하회에도 흑자전환,"연결(yoy) 매출 10%, 영업이익 흑자전환(+407억원 yoy) 컨센서스 -57%","안지영,황병준",IBK투자증권,IBK20211101호텔신라.pdf
유통업,2021-10-14,호텔신라(008770)이제 해외 여행도 일상으로 점진적으로 복귀,호텔신라(008770)이제 해외 여행도 일상으로 점진적으로 복귀,유정현,대신증권,대신20211014호텔신라.pdf
유통업,2021-10-13,호텔신라(008770),호텔신라(008770),"박은정,이진협",유안타증권,유안타20211013유통.pdf
유통업,2021-10-12,호텔신라(008770)알선경쟁은 치열하지만 업황 회복 신호,알선경쟁은 치열하지만 업황 회복 신호,안지영,IBK투자증권,IBK20211012화장품.pdf
유통업,2021-09-29,호텔신라(008770)3Q21 Preview,3Q21 Preview,박상준,키움증권,키움20210929유통.pdf
유통업,2021-09-01,호텔신라(008770)영업력과 효율화 부문 업계 경쟁 우위 유지,소형 다이고 비중 확대로 면세 성장률 시장 상회 지속 전망,안지영,IBK투자증권,IBK20210901유통.pdf
유통업,2021-10-29,삼성물산(028260)펀더멘탈 개선세 유효,"3Q21 Review: 건설을 제외한 모든 사업부 양호
투자의견 BUY, 목표주가 175,000원 유지",이승웅,이베스트증권,이베스트20211029삼성물산.pdf
유통업,2021-10-28,삼성물산(028260)일회성 손실보다 구조적 이익개선에 주목해야,삼성물산(028260)일회성 손실보다 구조적 이익개선에 주목해야,한병화,유진투자증권,유진20211028삼성물산.pdf
유통업,2021-10-28,삼성물산(028260)모멘텀 부재 구간 지속,"3Q21 Earnings review
모멘텀 부재 구간 지속","은경완, 박형렬",메리츠증권,메리츠20211028삼성물산.pdf
유통업,2021-10-28,삼성물산(028260)일회성 이슈가 컸던 3분기 실적,삼성물산(028260)일회성 이슈가 컸던 3분기 실적,김장원,IBK투자증권,IBK20211028삼성물산.pdf
유통업,2021-10-05,삼성물산(028260)건설과 지주가 보는 삼성물산 NAVIGATOR,"건설: 아파트 절대 강자 , 래미안이 온다
단기적으로는 현 지배구조 체제 유지
","김세련, 이승웅",이베스트증권,이베스트20211005삼성물산.pdf
유통업,2021-09-30,삼성물산(028260)실적 개선하에서 친환경 사업 성장성 가시화,"상사, 패션, 바이오 부문의 턴어라운드 본격화로 올해 실적 대폭 개선될 듯
LNG 및 수소 등 친환경 사업 포트폴리오 확대로 성장성 가시화 될 듯",이상헌,하이투자증권,하이20210930삼성물산.pdf
유통업,2021-09-01,삼성물산(028260)고개를 드는 펀더멘탈,전 사업부 안정적 실적기조 지속,김세련,이베스트증권,이베스트20210901삼성물산.pdf
금융,2021-11-10,KB금융(105560)대장주지위탈환예상,"2021년상고하저의주가흐름연출
선도적인자본활용정책시행기대",은경완,메리츠증권,메리츠20211110은행.pdf
금융,2021-10-25,KB금융(105560)3개 분기 연속 눈부신 성과,"3개 분기 연속 눈부신
성과",박혜진,대신증권,대신20211025KB금융.pdf
금융,2021-10-22,KB금융(105560)연간 4 조원 중후반의 이익 체력 확인,"3Q21 지배 순익 1 조 2, 9 7 9 억원 11 % 기대치 상회
2022 년 순이익 4 % 상향 , 목표주가 5 % 상향 조정",김도하,한화투자증권,한화20211022KB금융.pdf
금융,2021-10-22,KB금융(105560)Top-line 성장과 건전성 관리로 컨센서스 상회,"컨센서스 상회하는 3분기 순이익
비대면 플랫폼 강화 기대",김현기,하이투자증권,하이20211022KB금융.pdf
금융,2021-10-22,KB금융(105560)2022 년은 Leading Bank 의 한 해 !!,은행 및 비은행 실적 호조로 기대 이상 실적 달성,서영수,키움증권,키움20211022KB금융.pdf
금융,2021-10-22,KB금융(105560)기대 이상의 이자이익과 자산건전성 시현,"투자의견 BUY 목표주가 72,000 원 유 지",정태준,유안타증권,유안타20211022KB금융.pdf
금융,2021-10-22,KB금융(105560)3Q21 Review: 디지털 경쟁력 강화 노력 지속,"3Q21 Earnings review
디지털 부문 역량 강화 노력 지속",은경완,메리츠증권,메리츠20211022KB금융.pdf
금융,2021-10-22,KB금융(105560)포트폴리오의 힘,"전 사업부문의 실적개선
NIM 소폭 상승, 비용효율성 제고",김은갑,IBK투자증권,IBK20211022KB금융.pdf
금융,2021-10-06,KB금융(105560)리딩뱅크의 안정감,리딩뱅크의 안정감,김현기,하이투자증권,하이20211006KB금융.pdf
금융,2021-10-06,KB금융(105560)기준금리 인상의 대표적 수혜주,기준금리 인상의 대표적 수혜주,서영수,키움증권,키움20211006KB금융.pdf
금융,2021-09-28,"KB금융(105560)은행, 비은행 고른 성장으로 사상 최대실적 전망","은행, 비은행 고른 성장으로 사상 최대실적 전망",김은갑,IBK투자증권,IBK20210928은행.pdf
금융,2021-08-23,"KB금융(105560)PRASAC, 높은 성장률과 마진을 향유할 M&A","캄보디아 소액대출금융기관 PRASAC 지분 100% 인수
PRASAC, 자산증가율과 수익성 회복 중",김은갑,IBK투자증권,IBK20210823KB금융.pdf
금융,2021-11-04,한국금융지주(071050)일회성 제외해도 여전히 우수한 실적,"투자의견 Buy 유지하나 목표주가 110,000원으로 -12% 하향 조정
3Q21 지배주주 순이익 7,523억원(QoQ +149.1%, YoY +202.6%) 기록",박혜진,대신증권,대신20211104한국금융지주.pdf
금융,2021-11-03,한국금융지주(071050)업황 둔화에도 우수한 이익 창출 역량 유지,"한국금융지주(071050)업황 둔화에도 우수한 이익 창출 역량 유지
",전배승,이베스트증권,이베스트20211103한국금융지주.pdf
금융,2021-11-03,한국금융지주(071050)역시 희망은 IB,"투자의견 BUY 목표주가 110,000 원 유 지",정태준,유안타증권,유안타20211103한국금융지주.pdf
금융,2021-10-27,신한지주(055550)한 걸음 나아간 주주친화정책,"컨센서스 부합하는 실적
2 분기에 이어 3 분기에도 분기배당 실시",김현기,하이투자증권,하이20211027신한지주.pdf
금융,2021-10-27,신한지주(055550)3Q21 Review: 분기배당 지급 환영,"3Q21 Earnings Review
은행업종 최초로 분기배당 지급",은경완,메리츠증권,메리츠20211027신한지주.pdf
금융,2021-10-27,신한지주(055550)안정적 이익창출역량 유지,신한지주(055550)안정적 이익창출역량 유지,전배승,이베스트증권,이베스트20211027신한지주.pdf
금융,2021-10-27,신한지주(055550)다양한 주주환원 정책을 고려 중,"투자의견 Buy, 목표주가 50,000원 유지
3Q21 지배주주 순이익 1.12조원(QoQ -10.9%, YoY -2.5%) 기록",박혜진,대신증권,대신20211027신한지주.pdf
금융,2021-10-27,신한지주(055550)전반적으로 예상과 부합하는 실적,전반적으로 예상과 부합하는 실적,정태준,유안타증권,유안타20211027신한지주.pdf
금융,2021-10-27,신한지주(055550)실적보다 분기배당이 더 돋보여,"3Q 순이익은 시장 컨센서스를 충족, 업계 최초로 3 분기 배당 실시",구경회,SK증권,SK20211027신한지주.pdf
금융,2021-10-27,신한지주(055550)작년 순이익 돌파,작년 순이익 돌파,김은갑,IBK투자증권,IBK20211027신한지주.pdf
금융,2021-10-06,신한지주(055550)다각화된 포트폴리오를 통한 수익성 제고,신한지주(055550)다각화된 포트폴리오를 통한 수익성 제고,김현기,하이투자증권,하이2021100신한지주.pdf
금융,2021-09-28,신한지주(055550)비은행 및 그룹 사상 최고 반기순이익,"수익, 비용 모두 개선 추세",김은갑,IBK투자증권,IBK20210928은행.pdf
금융,2021-10-26,우리금융지주(316140)컨센서스 느려,우리금융지주(316140)컨센서스 느려,김도하,한화투자증권,한화20211026우리금융지주.pdf
금융,2021-10-26,우리금융지주(316140)오버행 우려가 기대감으로 바뀔 가능성,오버행 우려가 기대감으로 바뀔 가능성,김은갑,IBK투자증권,IBK20211026우리금융지주.pdf
금융,2021-10-26,우리금융지주(316140)3Q21 Review: 주가 할인 요인 해소 중,"3Q21 Earnings review
주가 할인 요인 해소 중",은경완,메리츠증권,메리츠20211026우리금융지주.pdf
금융,2021-10-26,우리금융지주(316140)완연한 턴어라운드,우리금융지주(316140)완연한 턴어라운드,김현기,하이투자증권,하이20211026우리금융지주.pdf
금융,2021-10-26,"우리금융지주(316140)실적 개선과 예보 지분 매각, 주가 재평가 요인","우리금융지주(316140)실적 개선과 예보 지분 매각, 주가 재평가 요인",서영수,키움증권,키움20211026우리금융지주.pdf
금융,2021-10-26,우리금융지주(316140)최대실적 지속 경신,"핵심이익 증가와 낮은 비용부담으로 최대실적 시현
경상이익 개선추세 지속 예상",전배승,이베스트증권,이베스트20211026우리금융지주.pdf
금융,2021-10-26,"우리금융지주(316140)모든 면에서 기대 이상 , 분기 최대 실적 경신",은행업 최선 호 주 유 지,정태준,유안타증권,유안타20211026우리금융지주.pdf
금융,2021-10-26,우리금융지주(316140)주가의 상방이 열리는 국면,주가의 상방이 열리는 국면,박혜진,대신증권,대신20211026우리금융지주.pdf
금융,2021-10-07,우리금융지주(316140)3분기에도 호실적 기조 이어질 전망,3분기에도 고수익성 지속 전망,전배승,이베스트증권,이베스트20211007우리금융지주.pdf
금융,2021-10-06,우리금융지주(316140)할인 받을 이유가 전혀 없다,할인 받을 이유가 전혀 없다,김현기,하이투자증권,하이20211006우리금융지주.pdf
금융,2021-09-28,우리금융지주(316140)정상화를 넘어 경상이익 레벨업,"상반기 순이익, 2020년 연간 실적 초과",김은갑,IBK투자증권,IBK20210928은행.pdf
금융,2021-09-10,우리금융지주(316140)민영화터널의 끝이 보인다,민영화터널의 끝이 보인다,박혜진,대신증권,대신20210910우리금융지주.pdf
금융,2021-10-25,하나금융지주(086790)3Q21 Review: 경상 이익 체력 재차 레벨 업,3Q21 Earnings review,은경완,메리츠증권,메리츠20211025하나금융지주.pdf
금융,2021-10-25,하나금융지주(086790)일회성 요인에도 호실적 시현,"비화폐성 환차손 발생에도 불구하고 컨센서스 9.6% 상회
4분기부터 본격적인 NIM 상승 기대",김현기,하이투자증권,하이20211025하나금융지주.pdf
금융,2021-10-25,"하나금융지주(086790)이자이익이 +4% QoQ인데, NIM is 뭔들","3Q21 지배 순익 9,287억원(+22% YoY), 기대치 크게 상회",김도하,한화투자증권,한화20211025하나금융지주.pdf
금융,2021-10-25,하나금융지주(086790)이자이익 확대와 비용감소로 호실적 시현,"예상을 지속 상회하는 실적
높은 이익가시성을 바탕으로 고수익성 지속 전망",전배승,이베스트증권,이베스트20211025하나금융지주.pdf
금융,2021-10-25,하나금융지주(086790)실적의 안정성을 재확인할 수 있었던 3분기,실적의 안정성을 재확인할 수 있었던 3분기,서영수,키움증권,키움20211025하나금융지주.pdf
금융,2021-10-25,하나금융지주(086790)자산건전성 상반기 대비 추가 개선,"자산건전성
상반기 대비 추가 개선",정태준,유안타증권,유안타20211025하나금융지주.pdf
금융,2021-10-25,하나금융지주(086790)분기 순이익 1조원을 향해,분기 순이익 1조원을 향해,박혜진,대신증권,대신20211025하나금융지주.pdf
금융,2021-10-25,하나금융지주(086790)2021년 사상최고 실적 예약,2021년 사상최고 실적 예약,김은갑,IBK투자증권,IBK20211025하나금융지주.pdf
금융,2021-10-06,하나금융지주(086790)높은 금리민감도가 강점으로 작용하는 시기,높은 금리민감도가 강점으로 작용하는 시기,김현기,하이투자증권,하이20211006하나금융지주.pdf
금융,2021-10-06,하나금융지주(086790)고수익성 지속 예상,하나금융지주(086790)고수익성 지속 예상,전배승,이베스트증권,이베스트20211006하나금융지주.pdf
금융,2021-09-28,하나금융지주(086790)모든 자회사의 빠른 이익증가,"경상이익 창출력 향상
이자이익 증가와 대손비용률 하락",김은갑,IBK투자증권,IBK20210928은행.pdf
금융,2021-09-10,하나금융지주(086790)금리인상엔 금리민감주,금리인상엔 금리민감주,박혜진,대신증권,대신20210910하나금융지주.pdf
